INSERT INTO public.agents (
    id,
    "name",
    description,
    metadata,
    created_at,
    updated_at
  )
VALUES (
    'a31e0489-a80d-40fc-85c7-64eaeca5d0d0'::uuid,
    'chat-agent',
    NULL,
    '{}',
    '2025-06-24 00:15:56.646',
    '2025-06-24 00:15:56.646'
  ),
  (
    'df178cc6-692b-4165-ad9d-e34071d7a140'::uuid,
    'battery-agent',
    NULL,
    '{}',
    '2025-06-24 00:15:56.646',
    '2025-06-24 00:15:56.646'
  ),
	(
	  '80b38e36-b42d-4cdd-b546-6ff83b667f64'::uuid,
	  'Captain Code',
	  NULL,
	  '{}',
	  '2025-09-12 03:03:12.244',
	  '2025-09-12 03:03:12.244'
	);

INSERT INTO public.skills (
    id,
    agent_id,
    name,
    description,
    metadata,
    created_at,
    updated_at
  )
VALUES (
    '69df6071-6dab-4986-bb16-780e2471ce5f'::uuid,
    'a31e0489-a80d-40fc-85c7-64eaeca5d0d0'::uuid,
    'general-chat',
    NULL,
    '{}',
    '2025-06-24 00:15:56.646',
    '2025-06-24 00:15:56.646'
  ),
  (
    'a643a298-443c-446c-924b-3740ef4eb574'::uuid,
    'df178cc6-692b-4165-ad9d-e34071d7a140'::uuid,
    'battery-creation',
    NULL,
    '{}',
    '2025-06-24 00:15:56.646',
    '2025-06-24 00:15:56.646'
  ),
	(
	  '1fabf9ac-7b3d-45cb-9d71-c65bd5573e9c'::uuid,
	  '80b38e36-b42d-4cdd-b546-6ff83b667f64'::uuid,
	  'JavaScript',
	  NULL,
	  '{}',
	  '2025-09-12 03:03:12.268',
	  '2025-09-12 03:03:12.268'
	);

INSERT INTO public.logs (
    id,
    agent_id,
    skill_id,
    "method",
    endpoint,
    function_name,
    status,
    start_time,
    end_time,
    duration,
    base_idk_config,
    ai_provider,
    model,
    ai_provider_request_log,
    hook_logs,
    metadata,
    cache_status,
    trace_id,
    parent_span_id,
    span_id,
    span_name,
    app_id,
    external_user_id,
    external_user_human_name,
    user_metadata
  )
VALUES (
    '7cf2964b-f332-4d0d-82b4-2de45f62fc1d'::uuid,
    'a31e0489-a80d-40fc-85c7-64eaeca5d0d0'::uuid,
    '69df6071-6dab-4986-bb16-780e2471ce5f'::uuid,
    'POST'::public.http_method,
    '/v1/chat/completions',
    'chat_complete',
    200,
    1750810493832,
    1750810494565,
    733,
    '{"agent_id": "a31e0489-a80d-40fc-85c7-64eaeca5d0d0"}',
    'openai',
    'gpt-4.1',
    '{"method": "POST", "status": 200, "provider": "openai", "cache_mode": "simple", "request_url": "http://localhost:3001/v1/chat/completions", "cache_status": "MISS", "request_body": {"user": "user-123-abc", "model": "gpt-4.1", "messages": [{"role": "developer", "content": "You are a helpful assistant."}, {"role": "user", "content": "Hello!"}]}, "function_name": "chat_complete", "response_body": {"id": "chatcmpl-Bm84s7lwILHPPg1BZA4PzrFUoqLd6", "model": "gpt-4.1-2025-04-14", "usage": {"total_tokens": 28, "prompt_tokens": 19, "completion_tokens": 9, "prompt_tokens_details": {"audio_tokens": 0, "cached_tokens": 0}, "completion_tokens_details": {"audio_tokens": 0, "reasoning_tokens": 0}}, "object": "chat.completion", "choices": [{"index": 0, "message": {"role": "assistant", "content": "Hello! How can I assist you today?"}, "logprobs": null, "finish_reason": "stop"}], "created": 1750810494, "service_tier": "default", "system_fingerprint": "fp_51e1070cf2"}, "raw_request_body": "{\"model\":\"gpt-4.1\",\"messages\":[{\"role\":\"developer\",\"content\":\"You are a helpful assistant.\"},{\"role\":\"user\",\"content\":\"Hello!\"}],\"user\":\"user-123-abc\"}", "raw_response_body": "{\"id\":\"chatcmpl-Bm84s7lwILHPPg1BZA4PzrFUoqLd6\",\"choices\":[{\"finish_reason\":\"stop\",\"index\":0,\"message\":{\"role\":\"assistant\",\"content\":\"Hello! How can I assist you today?\"},\"logprobs\":null}],\"created\":1750810494,\"model\":\"gpt-4.1-2025-04-14\",\"object\":\"chat.completion\",\"system_fingerprint\":\"fp_51e1070cf2\",\"usage\":{\"completion_tokens\":9,\"prompt_tokens\":19,\"total_tokens\":28,\"completion_tokens_details\":{\"audio_tokens\":0,\"reasoning_tokens\":0},\"prompt_tokens_details\":{\"audio_tokens\":0,\"cached_tokens\":0}},\"service_tier\":\"default\"}"}',
    '[]',
    '{}',
    'MISS'::public.cache_status_enum,
    '5798f714-09a6-4c4a-9d74-563490b0e3bd',
    NULL,
    NULL,
    NULL,
    NULL,
    'user-123-abc',
    'John Doe',
    NULL
  ),
  (
    '0ab7374b-bc5f-49a5-b906-575e91310b94'::uuid,
    'df178cc6-692b-4165-ad9d-e34071d7a140'::uuid,
    'a643a298-443c-446c-924b-3740ef4eb574'::uuid,
    'POST'::public.http_method,
    '/v1/responses',
    'create_model_response',
    200,
    1750810894878,
    1750810899420,
    4542,
    '{"agent_id": "df178cc6-692b-4165-ad9d-e34071d7a140"}',
    'openai',
    'o4-mini',
    '{"method": "POST", "status": 200, "provider": "openai", "cache_mode": "simple", "request_url": "http://localhost:3001/v1/responses", "cache_status": "MISS", "request_body": {"text": {"format": {"name": "Battery", "type": "json_schema", "schema": {"type": "object", "title": "Battery", "required": ["name", "capacity", "voltage", "current"], "properties": {"name": {"type": "string", "title": "Name", "description": "The name of the battery."}, "current": {"type": "integer", "title": "Current", "description": "The current of the battery in A."}, "voltage": {"type": "integer", "title": "Voltage", "description": "The voltage of the battery in V."}, "capacity": {"type": "integer", "title": "Capacity", "description": "The capacity of the battery in mAh."}}, "additionalProperties": false}, "strict": true}}, "user": "user-123-abc", "input": [{"role": "user", "content": "Create a battery with a name, capacity, voltage, and current."}], "model": "o4-mini"}, "function_name": "create_model_response", "response_body": {"id": "resp_685b41109f68819bb2f73406f6d23f8e0f2060e9bbb60b05", "text": {"format": {"name": "Battery", "type": "json_schema", "schema": {"type": "object", "title": "Battery", "required": ["name", "capacity", "voltage", "current"], "properties": {"name": {"type": "string", "title": "Name", "description": "The name of the battery."}, "current": {"type": "integer", "title": "Current", "description": "The current of the battery in A."}, "voltage": {"type": "integer", "title": "Voltage", "description": "The voltage of the battery in V."}, "capacity": {"type": "integer", "title": "Capacity", "description": "The capacity of the battery in mAh."}}, "additionalProperties": false}, "strict": true, "description": null}}, "user": "user-123-abc", "error": null, "model": "o4-mini-2025-04-16", "store": true, "tools": [], "top_p": 1, "usage": {"input_tokens": 122, "total_tokens": 282, "output_tokens": 160, "input_tokens_details": {"cached_tokens": 0}, "output_tokens_details": {"reasoning_tokens": 128}}, "object": "response", "output": [{"id": "rs_685b411180ac819b823937180e3ba5960f2060e9bbb60b05", "type": "reasoning", "summary": []}, {"id": "msg_685b4112d99c819bb9af8d3bfe72f3640f2060e9bbb60b05", "role": "assistant", "type": "message", "status": "completed", "content": [{"text": "{\"name\":\"PowerMax 3000\",\"capacity\":3000,\"voltage\":4,\"current\":2}", "type": "output_text", "annotations": []}]}], "status": "completed", "metadata": {}, "provider": "openai", "reasoning": {"effort": "medium"}, "created_at": 1750810896, "truncation": "disabled", "temperature": 1, "tool_choice": "auto", "instructions": null, "service_tier": "default", "max_output_tokens": null, "incomplete_details": null, "parallel_tool_calls": true, "previous_response_id": null}, "raw_request_body": "{\"input\":[{\"role\":\"user\",\"content\":\"Create a battery with a name, capacity, voltage, and current.\"}],\"model\":\"o4-mini\",\"text\":{\"format\":{\"name\":\"Battery\",\"schema\":{\"properties\":{\"name\":{\"description\":\"The name of the battery.\",\"title\":\"Name\",\"type\":\"string\"},\"capacity\":{\"description\":\"The capacity of the battery in mAh.\",\"title\":\"Capacity\",\"type\":\"integer\"},\"voltage\":{\"description\":\"The voltage of the battery in V.\",\"title\":\"Voltage\",\"type\":\"integer\"},\"current\":{\"description\":\"The current of the battery in A.\",\"title\":\"Current\",\"type\":\"integer\"}},\"required\":[\"name\",\"capacity\",\"voltage\",\"current\"],\"title\":\"Battery\",\"type\":\"object\",\"additionalProperties\":false},\"strict\":true,\"type\":\"json_schema\"}},\"user\":\"user-123-abc\"}", "raw_response_body": "{\"id\":\"resp_685b41109f68819bb2f73406f6d23f8e0f2060e9bbb60b05\",\"created_at\":1750810896,\"error\":null,\"incomplete_details\":null,\"instructions\":null,\"metadata\":{},\"model\":\"o4-mini-2025-04-16\",\"object\":\"response\",\"output\":[{\"id\":\"rs_685b411180ac819b823937180e3ba5960f2060e9bbb60b05\",\"type\":\"reasoning\",\"summary\":[]},{\"content\":[{\"annotations\":[],\"text\":\"{\\\"name\\\":\\\"PowerMax 3000\\\",\\\"capacity\\\":3000,\\\"voltage\\\":4,\\\"current\\\":2}\",\"type\":\"output_text\"}],\"id\":\"msg_685b4112d99c819bb9af8d3bfe72f3640f2060e9bbb60b05\",\"role\":\"assistant\",\"status\":\"completed\",\"type\":\"message\"}],\"parallel_tool_calls\":true,\"previous_response_id\":null,\"reasoning\":{\"effort\":\"medium\"},\"status\":\"completed\",\"store\":true,\"temperature\":1,\"text\":{\"format\":{\"name\":\"Battery\",\"schema\":{\"properties\":{\"name\":{\"description\":\"The name of the battery.\",\"title\":\"Name\",\"type\":\"string\"},\"capacity\":{\"description\":\"The capacity of the battery in mAh.\",\"title\":\"Capacity\",\"type\":\"integer\"},\"voltage\":{\"description\":\"The voltage of the battery in V.\",\"title\":\"Voltage\",\"type\":\"integer\"},\"current\":{\"description\":\"The current of the battery in A.\",\"title\":\"Current\",\"type\":\"integer\"}},\"required\":[\"name\",\"capacity\",\"voltage\",\"current\"],\"title\":\"Battery\",\"type\":\"object\",\"additionalProperties\":false},\"strict\":true,\"type\":\"json_schema\",\"description\":null}},\"tool_choice\":\"auto\",\"tools\":[],\"top_p\":1,\"max_output_tokens\":null,\"truncation\":\"disabled\",\"usage\":{\"input_tokens\":122,\"input_tokens_details\":{\"cached_tokens\":0},\"output_tokens\":160,\"output_tokens_details\":{\"reasoning_tokens\":128},\"total_tokens\":282},\"user\":\"user-123-abc\",\"provider\":\"openai\",\"service_tier\":\"default\"}"}',
    '[]',
    '{}',
    'MISS'::public.cache_status_enum,
    '5798f714-09a6-4c4a-9d74-563490b0e3bd',
    NULL,
    NULL,
    NULL,
    NULL,
    'user-123-abc',
    'John Doe',
    NULL
  ),
  (
    '2bf418cc-8f10-4822-b794-e9f11a20323f'::uuid,
    'a31e0489-a80d-40fc-85c7-64eaeca5d0d0'::uuid,
    '69df6071-6dab-4986-bb16-780e2471ce5f'::uuid,
    'POST'::public.http_method,
    '/v1/chat/completions',
    'chat_complete',
    200,
    1752545518855,
    1752545519858,
    1003,
    '{"agent_name": "chat-agent", "skill_name": "general-chat"}',
    'openai',
    'gpt-4.1',
    '{"method": "POST", "status": 200, "provider": "openai", "cache_mode": "simple", "request_url": "http://localhost:3000/v1/chat/completions", "cache_status": "MISS", "request_body": {"user": "user-123-abc", "model": "gpt-4.1", "tools": [{"type": "function", "function": {"name": "get_current_weather", "parameters": {"type": "object", "properties": {"location": {"type": "string", "description": "The location to get the weather for"}}}, "description": "Get the current weather in a given location"}}, {"type": "function", "function": {"name": "get_current_time", "parameters": {"type": "object", "properties": {"location": {"type": "string", "description": "The location to get the time for"}, "timezone": {"type": "string", "description": "The timezone to get the time for"}}}, "description": "Get the current time in a given location"}}], "messages": [{"role": "developer", "content": "You are a helpful assistant."}, {"role": "user", "content": "Hello!"}], "tool_choice": "auto"}, "function_name": "chat_complete", "response_body": {"id": "chatcmpl-BtPR9v8TeSFY08Ag2HuHgFTaSjOzD", "model": "gpt-4.1-2025-04-14", "usage": {"total_tokens": 119, "prompt_tokens": 109, "completion_tokens": 10, "prompt_tokens_details": {"audio_tokens": 0, "cached_tokens": 0}, "completion_tokens_details": {"audio_tokens": 0, "reasoning_tokens": 0}}, "object": "chat.completion", "choices": [{"index": 0, "message": {"role": "assistant", "content": "Hello! How can I assist you today?"}, "logprobs": null, "finish_reason": "stop"}], "created": 1752545519, "service_tier": "default", "system_fingerprint": null}, "raw_request_body": "{\"model\":\"gpt-4.1\",\"messages\":[{\"role\":\"developer\",\"content\":\"You are a helpful assistant.\"},{\"role\":\"user\",\"content\":\"Hello!\"}],\"user\":\"user-123-abc\",\"tools\":[{\"type\":\"function\",\"function\":{\"name\":\"get_current_weather\",\"description\":\"Get the current weather in a given location\",\"parameters\":{\"type\":\"object\",\"properties\":{\"location\":{\"type\":\"string\",\"description\":\"The location to get the weather for\"}}}}},{\"type\":\"function\",\"function\":{\"name\":\"get_current_time\",\"description\":\"Get the current time in a given location\",\"parameters\":{\"type\":\"object\",\"properties\":{\"location\":{\"type\":\"string\",\"description\":\"The location to get the time for\"},\"timezone\":{\"type\":\"string\",\"description\":\"The timezone to get the time for\"}}}}}],\"tool_choice\":\"auto\"}", "raw_response_body": "{\"id\":\"chatcmpl-BtPR9v8TeSFY08Ag2HuHgFTaSjOzD\",\"choices\":[{\"finish_reason\":\"stop\",\"index\":0,\"message\":{\"role\":\"assistant\",\"content\":\"Hello! How can I assist you today?\"},\"logprobs\":null}],\"created\":1752545519,\"model\":\"gpt-4.1-2025-04-14\",\"object\":\"chat.completion\",\"system_fingerprint\":null,\"usage\":{\"completion_tokens\":10,\"prompt_tokens\":109,\"total_tokens\":119,\"completion_tokens_details\":{\"audio_tokens\":0,\"reasoning_tokens\":0},\"prompt_tokens_details\":{\"audio_tokens\":0,\"cached_tokens\":0}},\"service_tier\":\"default\"}"}',
    '[]',
    '{}',
    'MISS'::public.cache_status_enum,
    'ba400c56-6fb2-4dfa-aaca-cacdd83da107',
    NULL,
    NULL,
    NULL,
    NULL,
    'user-123-abc',
    'John Doe',
    NULL
  );

INSERT INTO public.tools (
    id,
    agent_id,
    hash,
    "type",
    name,
    raw_data,
    created_at,
    updated_at
  )
VALUES (
    'c9b05caf-75c8-49a4-bfcb-82f686269a01'::uuid,
    'a31e0489-a80d-40fc-85c7-64eaeca5d0d0'::uuid,
    '76dec2a156952274bcbd069db5736bfae5a64b3450a1a2cd387a6984e12cfbc7',
    'function',
    'get_current_weather',
    '{"type": "function", "function": {"name": "get_current_weather", "parameters": {"type": "object", "properties": {"location": {"type": "string", "description": "The location to get the weather for"}}}, "description": "Get the current weather in a given location"}}',
    '2025-07-14 19:11:59.839',
    '2025-07-14 19:11:59.839'
  ),
  (
    'a76c0af9-576f-4a42-89cb-aee4fb6fd9a9'::uuid,
    'a31e0489-a80d-40fc-85c7-64eaeca5d0d0'::uuid,
    '51ec9621ee17404398ffbc61bc1ff80f37ab4e8d101639f2ec22a31fbc8ba11e',
    'function',
    'get_current_time',
    '{"type": "function", "function": {"name": "get_current_time", "parameters": {"type": "object", "properties": {"location": {"type": "string", "description": "The location to get the time for"}, "timezone": {"type": "string", "description": "The timezone to get the time for"}}}, "description": "Get the current time in a given location"}}',
    '2025-07-14 19:11:59.855',
    '2025-07-14 19:11:59.855'
  );

INSERT INTO public.datasets (
    id,
    agent_id,
    name,
    description,
    is_realtime,
    realtime_size,
    metadata,
    created_at,
    updated_at
  )
VALUES (
    '015ed2a0-e263-4fe2-a5d8-054790c86163'::uuid,
    'df178cc6-692b-4165-ad9d-e34071d7a140'::uuid,
    'battery-agent-requests',
    'A dataset of battery agent requests',
    FALSE,
    1,
    '{}',
    '2025-07-16 19:11:59.839',
    '2025-07-16 19:11:59.839'
  );

-- Create dataset-specific logs for evaluations
INSERT INTO public.logs (
    id,
    agent_id,
    skill_id,
    "method",
    endpoint,
    function_name,
    status,
    start_time,
    end_time,
    duration,
    base_idk_config,
    ai_provider,
    model,
    ai_provider_request_log,
    hook_logs,
    metadata,
    cache_status,
    trace_id,
    parent_span_id,
    span_id,
    span_name,
    app_id,
    external_user_id,
    external_user_human_name,
    user_metadata
  )
VALUES (
    '407da07d-b77b-4f7e-9404-4c32a78b082c'::uuid,
    'df178cc6-692b-4165-ad9d-e34071d7a140'::uuid,
    'a643a298-443c-446c-924b-3740ef4eb574'::uuid,
    'POST'::public.http_method,
    '/v1/responses',
    'create_model_response',
    200,
    1750810894878,
    1750810899420,
    4542,
    '{"agent_id": "df178cc6-692b-4165-ad9d-e34071d7a140"}',
    'openai',
    'o4-mini',
    '{"method": "POST", "status": 200, "provider": "openai", "cache_mode": "simple", "request_url": "http://localhost:3001/v1/responses", "cache_status": "MISS", "request_body": {"text": {"format": {"name": "Battery", "type": "json_schema", "schema": {"type": "object", "title": "Battery", "required": ["name", "capacity", "voltage", "current"], "properties": {"name": {"type": "string", "title": "Name", "description": "The name of the battery."}, "current": {"type": "integer", "title": "Current", "description": "The current of the battery in A."}, "voltage": {"type": "integer", "title": "Voltage", "description": "The voltage of the battery in V."}, "capacity": {"type": "integer", "title": "Capacity", "description": "The capacity of the battery in mAh."}}, "additionalProperties": false}, "strict": true}}, "user": "user-123-abc", "input": [{"role": "user", "content": "Create a battery with a name, capacity, voltage, and current."}], "model": "o4-mini"}, "function_name": "create_model_response", "response_body": {"id": "resp_685b41109f68819bb2f73406f6d23f8e0f2060e9bbb60b05", "text": {"format": {"name": "Battery", "type": "json_schema", "schema": {"type": "object", "title": "Battery", "required": ["name", "capacity", "voltage", "current"], "properties": {"name": {"type": "string", "title": "Name", "description": "The name of the battery."}, "current": {"type": "integer", "title": "Current", "description": "The current of the battery in A."}, "voltage": {"type": "integer", "title": "Voltage", "description": "The voltage of the battery in V."}, "capacity": {"type": "integer", "title": "Capacity", "description": "The capacity of the battery in mAh."}}, "additionalProperties": false}, "strict": true, "description": null}}, "user": "user-123-abc", "error": null, "model": "o4-mini-2025-04-16", "store": true, "tools": [], "top_p": 1, "usage": {"input_tokens": 122, "total_tokens": 282, "output_tokens": 160, "input_tokens_details": {"cached_tokens": 0}, "output_tokens_details": {"reasoning_tokens": 128}}, "object": "response", "output": [{"id": "rs_685b411180ac819b823937180e3ba5960f2060e9bbb60b05", "type": "reasoning", "summary": []}, {"id": "msg_685b4112d99c819bb9af8d3bfe72f3640f2060e9bbb60b05", "role": "assistant", "type": "message", "status": "completed", "content": [{"text": "{\"name\":\"PowerMax 3000\",\"capacity\":3000,\"voltage\":4,\"current\":2}", "type": "output_text", "annotations": []}]}], "status": "completed", "metadata": {}, "provider": "openai", "reasoning": {"effort": "medium"}, "created_at": 1750810896, "truncation": "disabled", "temperature": 1, "tool_choice": "auto", "instructions": null, "service_tier": "default", "max_output_tokens": null, "incomplete_details": null, "parallel_tool_calls": true, "previous_response_id": null}, "raw_request_body": "{\"input\":[{\"role\":\"user\",\"content\":\"Create a battery with a name, capacity, voltage, and current.\"}],\"model\":\"o4-mini\",\"text\":{\"format\":{\"name\":\"Battery\",\"schema\":{\"properties\":{\"name\":{\"description\":\"The name of the battery.\",\"title\":\"Name\",\"type\":\"string\"},\"capacity\":{\"description\":\"The capacity of the battery in mAh.\",\"title\":\"Capacity\",\"type\":\"integer\"},\"voltage\":{\"description\":\"The voltage of the battery in V.\",\"title\":\"Voltage\",\"type\":\"integer\"},\"current\":{\"description\":\"The current of the battery in A.\",\"title\":\"Current\",\"type\":\"integer\"}},\"required\":[\"name\",\"capacity\",\"voltage\",\"current\"],\"title\":\"Battery\",\"type\":\"object\",\"additionalProperties\":false},\"strict\":true,\"type\":\"json_schema\"}},\"user\":\"user-123-abc\"}", "raw_response_body": "{\"id\":\"resp_685b41109f68819bb2f73406f6d23f8e0f2060e9bbb60b05\",\"created_at\":1750810896,\"error\":null,\"incomplete_details\":null,\"instructions\":null,\"metadata\":{},\"model\":\"o4-mini-2025-04-16\",\"object\":\"response\",\"output\":[{\"id\":\"rs_685b411180ac819b823937180e3ba5960f2060e9bbb60b05\",\"type\":\"reasoning\",\"summary\":[]},{\"content\":[{\"annotations\":[],\"text\":\"{\\\"name\\\":\\\"PowerMax 3000\\\",\\\"capacity\\\":3000,\\\"voltage\\\":4,\\\"current\\\":2}\",\"type\":\"output_text\"}],\"id\":\"msg_685b4112d99c819bb9af8d3bfe72f3640f2060e9bbb60b05\",\"role\":\"assistant\",\"status\":\"completed\",\"type\":\"message\"}],\"parallel_tool_calls\":true,\"previous_response_id\":null,\"reasoning\":{\"effort\":\"medium\"},\"status\":\"completed\",\"store\":true,\"temperature\":1,\"text\":{\"format\":{\"name\":\"Battery\",\"schema\":{\"properties\":{\"name\":{\"description\":\"The name of the battery.\",\"title\":\"Name\",\"type\":\"string\"},\"capacity\":{\"description\":\"The capacity of the battery in mAh.\",\"title\":\"Capacity\",\"type\":\"integer\"},\"voltage\":{\"description\":\"The voltage of the battery in V.\",\"title\":\"Voltage\",\"type\":\"integer\"},\"current\":{\"description\":\"The current of the battery in A.\",\"title\":\"Current\",\"type\":\"integer\"}},\"required\":[\"name\",\"capacity\",\"voltage\",\"current\"],\"title\":\"Battery\",\"type\":\"object\",\"additionalProperties\":false},\"strict\":true,\"type\":\"json_schema\",\"description\":null}},\"tool_choice\":\"auto\",\"tools\":[],\"top_p\":1,\"max_output_tokens\":null,\"truncation\":\"disabled\",\"usage\":{\"input_tokens\":122,\"input_tokens_details\":{\"cached_tokens\":0},\"output_tokens\":160,\"output_tokens_details\":{\"reasoning_tokens\":128},\"total_tokens\":282},\"user\":\"user-123-abc\",\"provider\":\"openai\",\"service_tier\":\"default\"}"}',
    '[]',
    '{"is_golden": false}',
    'MISS'::public.cache_status_enum,
    '5798f714-09a6-4c4a-9d74-563490b0e3bd',
    NULL,
    NULL,
    NULL,
    NULL,
    'user-123-abc',
    'John Doe',
    NULL
  ),
  (
    '508eb18e-c88c-4f8f-a505-5d43b89c193d'::uuid,
    'a31e0489-a80d-40fc-85c7-64eaeca5d0d0'::uuid,
    '69df6071-6dab-4986-bb16-780e2471ce5f'::uuid,
    'POST'::public.http_method,
    '/v1/chat/completions',
    'chat_complete',
    200,
    1750810493832,
    1750810494565,
    733,
    '{"agent_id": "a31e0489-a80d-40fc-85c7-64eaeca5d0d0"}',
    'openai',
    'gpt-4o',
    '{"method": "POST", "status": 200, "provider": "openai", "cache_mode": "simple", "request_url": "http://localhost:3001/v1/chat/completions", "cache_status": "MISS", "request_body": {"model": "gpt-4o", "messages": [{"role": "user", "content": "Hello, please greet me politely"}]}, "function_name": "chat_complete", "response_body": {"id": "chatcmpl-Bm84s7lwILHPPg1BZA4PzrFUoqLd6", "model": "gpt-4o-2025-04-14", "usage": {"total_tokens": 28, "prompt_tokens": 19, "completion_tokens": 9, "prompt_tokens_details": {"audio_tokens": 0, "cached_tokens": 0}, "completion_tokens_details": {"audio_tokens": 0, "reasoning_tokens": 0}}, "object": "chat.completion", "choices": [{"index": 0, "message": {"role": "assistant", "content": "Hello! How can I assist you today?"}, "logprobs": null, "finish_reason": "stop"}], "created": 1750810494, "service_tier": "default", "system_fingerprint": "fp_51e1070cf2"}, "raw_request_body": "{\"model\":\"gpt-4o\",\"messages\":[{\"role\":\"user\",\"content\":\"Hello, please greet me politely\"}]}", "raw_response_body": "{\"id\":\"chatcmpl-Bm84s7lwILHPPg1BZA4PzrFUoqLd6\",\"choices\":[{\"finish_reason\":\"stop\",\"index\":0,\"message\":{\"role\":\"assistant\",\"content\":\"Hello! How can I assist you today?\"},\"logprobs\":null}],\"created\":1750810494,\"model\":\"gpt-4o-2025-04-14\",\"object\":\"chat.completion\",\"system_fingerprint\":\"fp_51e1070cf2\",\"usage\":{\"completion_tokens\":9,\"prompt_tokens\":19,\"total_tokens\":28,\"completion_tokens_details\":{\"audio_tokens\":0,\"reasoning_tokens\":0},\"prompt_tokens_details\":{\"audio_tokens\":0,\"cached_tokens\":0}},\"service_tier\":\"default\"}"}',
    '[]',
    '{"is_golden": true, "ground_truth": {"role": "assistant", "content": "Hello! How can I assist you today?"}, "expected_task": "greet user politely"}',
    'MISS'::public.cache_status_enum,
    '5798f714-09a6-4c4a-9d74-563490b0e3bd',
    NULL,
    NULL,
    NULL,
    NULL,
    'user-123-abc',
    'John Doe',
    NULL
  ),
  (
    '609fc29f-d99d-4f9f-b616-6e54c9ad2a4e'::uuid,
    'a31e0489-a80d-40fc-85c7-64eaeca5d0d0'::uuid,
    '69df6071-6dab-4986-bb16-780e2471ce5f'::uuid,
    'POST'::public.http_method,
    '/v1/chat/completions',
    'chat_complete',
    200,
    1750810493832,
    1750810494565,
    733,
    '{"agent_id": "a31e0489-a80d-40fc-85c7-64eaeca5d0d0"}',
    'openai',
    'gpt-4o',
    '{"method": "POST", "status": 200, "provider": "openai", "cache_mode": "simple", "request_url": "http://localhost:3001/v1/chat/completions", "cache_status": "MISS", "request_body": {"model": "gpt-4o", "messages": [{"role": "user", "content": "What is the weather in Paris?"}], "tools": [{"type": "function", "function": {"name": "get_current_weather", "description": "Get weather", "parameters": {"type": "object", "properties": {"location": {"type": "string"}}}}}]}, "function_name": "chat_complete", "response_body": {"id": "chatcmpl-Bm84s7lwILHPPg1BZA4PzrFUoqLd6", "model": "gpt-4o-2025-04-14", "usage": {"total_tokens": 28, "prompt_tokens": 19, "completion_tokens": 9, "prompt_tokens_details": {"audio_tokens": 0, "cached_tokens": 0}, "completion_tokens_details": {"audio_tokens": 0, "reasoning_tokens": 0}}, "object": "chat.completion", "choices": [{"index": 0, "message": {"role": "assistant", "tool_calls": [{"type": "function", "function": {"name": "get_current_weather", "arguments": "{\"location\": \"Paris\"}"}}]}, "logprobs": null, "finish_reason": "tool_calls"}], "created": 1750810494, "service_tier": "default", "system_fingerprint": "fp_51e1070cf2"}, "raw_request_body": "{\"model\":\"gpt-4o\",\"messages\":[{\"role\":\"user\",\"content\":\"What is the weather in Paris?\"}],\"tools\":[{\"type\":\"function\",\"function\":{\"name\":\"get_current_weather\",\"description\":\"Get weather\",\"parameters\":{\"type\":\"object\",\"properties\":{\"location\":{\"type\":\"string\"}}}}}]}", "raw_response_body": "{\"id\":\"chatcmpl-Bm84s7lwILHPPg1BZA4PzrFUoqLd6\",\"choices\":[{\"finish_reason\":\"tool_calls\",\"index\":0,\"message\":{\"role\":\"assistant\",\"tool_calls\":[{\"type\":\"function\",\"function\":{\"name\":\"get_current_weather\",\"arguments\":\"{\\\"location\\\": \\\"Paris\\\"}\"}}]},\"logprobs\":null}],\"created\":1750810494,\"model\":\"gpt-4o-2025-04-14\",\"object\":\"chat.completion\",\"system_fingerprint\":\"fp_51e1070cf2\",\"usage\":{\"completion_tokens\":9,\"prompt_tokens\":19,\"total_tokens\":28,\"completion_tokens_details\":{\"audio_tokens\":0,\"reasoning_tokens\":0},\"prompt_tokens_details\":{\"audio_tokens\":0,\"cached_tokens\":0}},\"service_tier\":\"default\"}"}',
    '[]',
    '{"is_golden": true, "ground_truth": {"role": "assistant", "tool_calls": [{"type": "function", "function": {"name": "get_current_weather", "arguments": "{\"location\": \"Paris\"}"}}]}, "tools_called": [{"name": "get_current_weather", "input_parameters": {"location": "Paris"}, "output": null}], "expected_tools": [{"name": "get_current_weather", "input_parameters": {"location": "Paris"}, "output": null}], "expected_task": "get weather information for Paris"}',
    'MISS'::public.cache_status_enum,
    '5798f714-09a6-4c4a-9d74-563490b0e3bd',
    NULL,
    NULL,
    NULL,
    NULL,
    'user-123-abc',
    'John Doe',
    NULL
  ),
  (
    'b8f73d3f-7236-450f-8cdd-001e776e1099'::uuid,
    'a31e0489-a80d-40fc-85c7-64eaeca5d0d0'::uuid,
    '69df6071-6dab-4986-bb16-780e2471ce5f'::uuid,
    'POST'::public.http_method,
    '/v1/chat/completions',
    'chat_complete',
    200,
    1750810493832,
    1750810494565,
    733,
    '{"agent_id": "a31e0489-a80d-40fc-85c7-64eaeca5d0d0"}',
    'openai',
    'gpt-4o',
    '{"method": "POST", "status": 200, "provider": "openai", "cache_mode": "simple", "request_url": "http://localhost:3001/v1/chat/completions", "cache_status": "MISS", "request_body": {"model": "gpt-4o", "messages": [{"role": "user", "content": "What time is it in New York?"}], "tools": [{"type": "function", "function": {"name": "get_current_time", "description": "Get the current time in a given location", "parameters": {"type": "object", "properties": {"location": {"type": "string", "description": "The location to get the time for"}, "timezone": {"type": "string", "description": "The timezone to get the time for"}}}}}]}, "function_name": "chat_complete", "response_body": {"id": "chatcmpl-Bm84s7lwILHPPg1BZA4PzrFUoqLd6", "model": "gpt-4o-2025-04-14", "usage": {"total_tokens": 28, "prompt_tokens": 19, "completion_tokens": 9, "prompt_tokens_details": {"audio_tokens": 0, "cached_tokens": 0}, "completion_tokens_details": {"audio_tokens": 0, "reasoning_tokens": 0}}, "object": "chat.completion", "choices": [{"index": 0, "message": {"role": "assistant", "tool_calls": [{"type": "function", "function": {"name": "get_current_time", "arguments": "{\"location\": \"New York\", \"timezone\": \"America/New_York\"}"}}]}, "logprobs": null, "finish_reason": "tool_calls"}], "created": 1750810494, "service_tier": "default", "system_fingerprint": "fp_51e1070cf2"}, "raw_request_body": "{\"model\":\"gpt-4o\",\"messages\":[{\"role\":\"user\",\"content\":\"What time is it in New York?\"}],\"tools\":[{\"type\":\"function\",\"function\":{\"name\":\"get_current_time\",\"description\":\"Get the current time in a given location\",\"parameters\":{\"type\":\"object\",\"properties\":{\"location\":{\"type\":\"string\",\"description\":\"The location to get the time for\"},\"timezone\":{\"type\":\"string\",\"description\":\"The timezone to get the time for\"}}}}}]}", "raw_response_body": "{\"id\":\"chatcmpl-Bm84s7lwILHPPg1BZA4PzrFUoqLd6\",\"choices\":[{\"finish_reason\":\"tool_calls\",\"index\":0,\"message\":{\"role\":\"assistant\",\"tool_calls\":[{\"type\":\"function\",\"function\":{\"name\":\"get_current_time\",\"arguments\":\"{\\\"location\\\": \\\"New York\\\", \\\"timezone\\\": \\\"America/New_York\\\"}\"}}]},\"logprobs\":null}],\"created\":1750810494,\"model\":\"gpt-4o-2025-04-14\",\"object\":\"chat.completion\",\"system_fingerprint\":\"fp_51e1070cf2\",\"usage\":{\"completion_tokens\":9,\"prompt_tokens\":19,\"total_tokens\":28,\"completion_tokens_details\":{\"audio_tokens\":0,\"reasoning_tokens\":0},\"prompt_tokens_details\":{\"audio_tokens\":0,\"cached_tokens\":0}},\"service_tier\":\"default\"}"}',
    '[]',
    '{"is_golden": true, "ground_truth": {"role": "assistant", "tool_calls": [{"type": "function", "function": {"name": "get_current_time", "arguments": "{\"location\": \"New York\", \"timezone\": \"America/New_York\"}"}}]}, "tools_called": [{"name": "get_current_time", "input_parameters": {"location": "New York", "timezone": "America/New_York"}, "output": null}], "expected_tools": [{"name": "get_current_time", "input_parameters": {"location": "New York", "timezone": "America/New_York"}, "output": null}], "expected_task": "get current time in New York"}',
    'MISS'::public.cache_status_enum,
    '5798f714-09a6-4c4a-9d74-563490b0e3bd',
    NULL,
    NULL,
    NULL,
    NULL,
    'user-123-abc',
    'John Doe',
    NULL
  );

INSERT INTO public.dataset_log_bridge (
    dataset_id,
    log_id,
    created_at
  )
VALUES (
    '015ed2a0-e263-4fe2-a5d8-054790c86163'::uuid,
    '407da07d-b77b-4f7e-9404-4c32a78b082c'::uuid,
    '2025-07-16 19:11:59.839'
  ),
  (
    '015ed2a0-e263-4fe2-a5d8-054790c86163'::uuid,
    '508eb18e-c88c-4f8f-a505-5d43b89c193d'::uuid,
    '2025-01-15 10:00:00.000'
  ),
  (
    '015ed2a0-e263-4fe2-a5d8-054790c86163'::uuid,
    '609fc29f-d99d-4f9f-b616-6e54c9ad2a4e'::uuid,
    '2025-01-15 10:00:00.000'
  ),
  (
    '015ed2a0-e263-4fe2-a5d8-054790c86163'::uuid,
    'b8f73d3f-7236-450f-8cdd-001e776e1099'::uuid,
    '2025-01-15 10:00:00.000'
  );

-- Multi-turn conversation logs for knowledge retention evaluation
-- Generated by generate-knowledge-retention-seed.py

INSERT INTO public.logs (
    id,
    agent_id,
    skill_id,
    "method",
    endpoint,
    function_name,
    status,
    start_time,
    end_time,
    duration,
    base_idk_config,
    ai_provider,
    model,
    ai_provider_request_log,
    hook_logs,
    metadata,
    cache_status,
    trace_id,
    parent_span_id,
    span_id,
    span_name,
    app_id,
    external_user_id,
    external_user_human_name,
    user_metadata
  )
VALUES (
    'adeb12ec-b033-4899-a5a5-1aface559e0a'::uuid,
    'a31e0489-a80d-40fc-85c7-64eaeca5d0d0'::uuid,
    '69df6071-6dab-4986-bb16-780e2471ce5f'::uuid,
    'POST'::public.http_method,
    '/v1/chat/completions',
    'chat_complete',
    200,
    1750810493832,
    1750810494565,
    733,
    '{"agent_id": "a31e0489-a80d-40fc-85c7-64eaeca5d0d0"}',
    'openai',
    'gpt-4o',
    '{"method": "POST", "status": 200, "provider": "openai", "cache_mode": "simple", "request_url": "http://localhost:3001/v1/chat/completions", "cache_status": "MISS", "request_body": {"model": "gpt-4o", "messages": [{"role": "user", "content": "Hi, my name is Sarah Johnson. I''m 28 years old and I work as a data scientist at Google in Mountain View, California. I have a golden retriever named Max who is 3 years old."}, {"role": "assistant", "content": "Nice to meet you, Sarah! That''s wonderful that you work at Google as a data scientist. How can I help you today?"}, {"role": "user", "content": "What''s my dog''s name and age?"}, {"role": "assistant", "content": "Your dog''s name is Max and he is 3 years old."}, {"role": "user", "content": "And where do I work?"}, {"role": "assistant", "content": "You work as a data scientist at Google in Mountain View, California."}, {"role": "user", "content": "What''s my full name and age?"}, {"role": "assistant", "content": "Your full name is Sarah Johnson and you are 28 years old."}]}, "function_name": "chat_complete", "response_body": {"id": "chatcmpl-Bm84s7lwILHPPg1BZA4PzrFUoqLd6", "model": "gpt-4o-2025-04-14", "usage": {"total_tokens": 28, "prompt_tokens": 19, "completion_tokens": 9, "prompt_tokens_details": {"audio_tokens": 0, "cached_tokens": 0}, "completion_tokens_details": {"audio_tokens": 0, "reasoning_tokens": 0}}, "object": "chat.completion", "choices": [{"index": 0, "message": {"role": "assistant", "content": "Your full name is Sarah Johnson and you are 28 years old."}, "logprobs": null, "finish_reason": "stop"}], "created": 1750810494, "service_tier": "default", "system_fingerprint": "fp_51e1070cf2"}, "raw_request_body": "{\"model\":\"gpt-4o\",\"messages\":[{\"role\":\"user\",\"content\":\"Hi, my name is Sarah Johnson. I''m 28 years old and I work as a data scientist at Google in Mountain View, California. I have a golden retriever named Max who is 3 years old.\"},{\"role\":\"assistant\",\"content\":\"Nice to meet you, Sarah! That''s wonderful that you work at Google as a data scientist. How can I help you today?\"},{\"role\":\"user\",\"content\":\"What''s my dog''s name and age?\"},{\"role\":\"assistant\",\"content\":\"Your dog''s name is Max and he is 3 years old.\"},{\"role\":\"user\",\"content\":\"And where do I work?\"},{\"role\":\"assistant\",\"content\":\"You work as a data scientist at Google in Mountain View, California.\"},{\"role\":\"user\",\"content\":\"What''s my full name and age?\"},{\"role\":\"assistant\",\"content\":\"Your full name is Sarah Johnson and you are 28 years old.\"}]}", "raw_response_body": "{\"id\":\"chatcmpl-Bm84s7lwILHPPg1BZA4PzrFUoqLd6\",\"choices\":[{\"finish_reason\":\"stop\",\"index\":0,\"message\":{\"role\":\"assistant\",\"content\":\"Your full name is Sarah Johnson and you are 28 years old.\"},\"logprobs\":null}],\"created\":1750810494,\"model\":\"gpt-4o-2025-04-14\",\"object\":\"chat.completion\",\"system_fingerprint\":\"fp_51e1070cf2\",\"usage\":{\"completion_tokens\":9,\"prompt_tokens\":19,\"total_tokens\":28,\"completion_tokens_details\":{\"audio_tokens\":0,\"reasoning_tokens\":0},\"prompt_tokens_details\":{\"audio_tokens\":0,\"cached_tokens\":0}},\"service_tier\":\"default\"}"}',
    '[]',
    '{"is_golden": true, "ground_truth": {"role": "assistant", "content": "Your full name is Sarah Johnson and you are 28 years old."}, "expected_task": "retain and recall personal information across conversation", "knowledge_retention_test": true, "conversation_turns": 7, "key_facts": ["Sarah Johnson", "28 years old", "data scientist", "Google", "Mountain View", "Max", "3 years old", "golden retriever"]}',
    'MISS'::public.cache_status_enum,
    '5798f714-09a6-4c4a-9d74-563490b0e3bd',
    NULL,
    NULL,
    NULL,
    NULL,
    'user-123-abc',
    'John Doe',
    NULL
  ),
  (
    '2c9ae9f1-aff7-44c3-b364-2b35f865549a'::uuid,
    'a31e0489-a80d-40fc-85c7-64eaeca5d0d0'::uuid,
    '69df6071-6dab-4986-bb16-780e2471ce5f'::uuid,
    'POST'::public.http_method,
    '/v1/chat/completions',
    'chat_complete',
    200,
    1750810493832,
    1750810494565,
    733,
    '{"agent_id": "a31e0489-a80d-40fc-85c7-64eaeca5d0d0"}',
    'openai',
    'gpt-4o',
    '{"method": "POST", "status": 200, "provider": "openai", "cache_mode": "simple", "request_url": "http://localhost:3001/v1/chat/completions", "cache_status": "MISS", "request_body": {"model": "gpt-4o", "messages": [{"role": "user", "content": "I''m building a machine learning model for sentiment analysis. I''m using Python with scikit-learn, and my dataset has 10,000 samples with 80% training and 20% testing split. The model achieves 87% accuracy on the test set."}, {"role": "assistant", "content": "That sounds like a solid sentiment analysis project! Using scikit-learn with Python is a great choice. How can I assist you with your model?"}, {"role": "user", "content": "What''s the accuracy of my model?"}, {"role": "assistant", "content": "Your model achieves 87% accuracy on the test set."}, {"role": "user", "content": "How many samples are in my dataset?"}, {"role": "assistant", "content": "Your dataset has 10,000 samples."}, {"role": "user", "content": "What framework am I using and what''s the train-test split?"}, {"role": "assistant", "content": "You''re using Python with scikit-learn, and your dataset has an 80% training and 20% testing split."}]}, "function_name": "chat_complete", "response_body": {"id": "chatcmpl-Bm84s7lwILHPPg1BZA4PzrFUoqLd6", "model": "gpt-4o-2025-04-14", "usage": {"total_tokens": 28, "prompt_tokens": 19, "completion_tokens": 9, "prompt_tokens_details": {"audio_tokens": 0, "cached_tokens": 0}, "completion_tokens_details": {"audio_tokens": 0, "reasoning_tokens": 0}}, "object": "chat.completion", "choices": [{"index": 0, "message": {"role": "assistant", "content": "You''re using Python with scikit-learn, and your dataset has an 80% training and 20% testing split."}, "logprobs": null, "finish_reason": "stop"}], "created": 1750810494, "service_tier": "default", "system_fingerprint": "fp_51e1070cf2"}, "raw_request_body": "{\"model\":\"gpt-4o\",\"messages\":[{\"role\":\"user\",\"content\":\"I''m building a machine learning model for sentiment analysis. I''m using Python with scikit-learn, and my dataset has 10,000 samples with 80% training and 20% testing split. The model achieves 87% accuracy on the test set.\"},{\"role\":\"assistant\",\"content\":\"That sounds like a solid sentiment analysis project! Using scikit-learn with Python is a great choice. How can I assist you with your model?\"},{\"role\":\"user\",\"content\":\"What''s the accuracy of my model?\"},{\"role\":\"assistant\",\"content\":\"Your model achieves 87% accuracy on the test set.\"},{\"role\":\"user\",\"content\":\"How many samples are in my dataset?\"},{\"role\":\"assistant\",\"content\":\"Your dataset has 10,000 samples.\"},{\"role\":\"user\",\"content\":\"What framework am I using and what''s the train-test split?\"},{\"role\":\"assistant\",\"content\":\"You''re using Python with scikit-learn, and your dataset has an 80% training and 20% testing split.\"}]}", "raw_response_body": "{\"id\":\"chatcmpl-Bm84s7lwILHPPg1BZA4PzrFUoqLd6\",\"choices\":[{\"finish_reason\":\"stop\",\"index\":0,\"message\":{\"role\":\"assistant\",\"content\":\"You''re using Python with scikit-learn, and your dataset has an 80% training and 20% testing split.\"},\"logprobs\":null}],\"created\":1750810494,\"model\":\"gpt-4o-2025-04-14\",\"object\":\"chat.completion\",\"system_fingerprint\":\"fp_51e1070cf2\",\"usage\":{\"completion_tokens\":9,\"prompt_tokens\":19,\"total_tokens\":28,\"completion_tokens_details\":{\"audio_tokens\":0,\"reasoning_tokens\":0},\"prompt_tokens_details\":{\"audio_tokens\":0,\"cached_tokens\":0}},\"service_tier\":\"default\"}"}',
    '[]',
    '{"is_golden": true, "ground_truth": {"role": "assistant", "content": "You''re using Python with scikit-learn, and your dataset has an 80% training and 20% testing split."}, "expected_task": "retain and recall technical project details", "knowledge_retention_test": true, "conversation_turns": 7, "key_facts": ["machine learning", "sentiment analysis", "Python", "scikit-learn", "10,000 samples", "80% training", "20% testing", "87% accuracy"]}',
    'MISS'::public.cache_status_enum,
    '5798f714-09a6-4c4a-9d74-563490b0e3bd',
    NULL,
    NULL,
    NULL,
    NULL,
    'user-123-abc',
    'John Doe',
    NULL
  ),
  (
    'f4731f82-7a65-481d-9ea5-eec244282c25'::uuid,
    'a31e0489-a80d-40fc-85c7-64eaeca5d0d0'::uuid,
    '69df6071-6dab-4986-bb16-780e2471ce5f'::uuid,
    'POST'::public.http_method,
    '/v1/chat/completions',
    'chat_complete',
    200,
    1750810493832,
    1750810494565,
    733,
    '{"agent_id": "a31e0489-a80d-40fc-85c7-64eaeca5d0d0"}',
    'openai',
    'gpt-4o',
    '{"method": "POST", "status": 200, "provider": "openai", "cache_mode": "simple", "request_url": "http://localhost:3001/v1/chat/completions", "cache_status": "MISS", "request_body": {"model": "gpt-4o", "messages": [{"role": "user", "content": "I''m planning a trip to Japan. I want to visit Tokyo, Kyoto, and Osaka. My budget is $5000 and I''ll be traveling in March 2025 for 2 weeks. I''m interested in sushi, temples, and bullet trains."}, {"role": "assistant", "content": "That sounds like an amazing trip to Japan! Tokyo, Kyoto, and Osaka are fantastic cities to visit. How can I help you plan your itinerary?"}, {"role": "user", "content": "What cities am I planning to visit?"}, {"role": "assistant", "content": "You''re planning to visit Tokyo, Kyoto, and Osaka."}, {"role": "user", "content": "What''s my budget and travel duration?"}, {"role": "assistant", "content": "Your budget is $5000 and you''ll be traveling for 2 weeks."}, {"role": "user", "content": "When am I traveling and what am I interested in?"}, {"role": "assistant", "content": "You''re traveling in March 2025 and you''re interested in sushi, temples, and bullet trains."}]}, "function_name": "chat_complete", "response_body": {"id": "chatcmpl-Bm84s7lwILHPPg1BZA4PzrFUoqLd6", "model": "gpt-4o-2025-04-14", "usage": {"total_tokens": 28, "prompt_tokens": 19, "completion_tokens": 9, "prompt_tokens_details": {"audio_tokens": 0, "cached_tokens": 0}, "completion_tokens_details": {"audio_tokens": 0, "reasoning_tokens": 0}}, "object": "chat.completion", "choices": [{"index": 0, "message": {"role": "assistant", "content": "You''re traveling in March 2025 and you''re interested in sushi, temples, and bullet trains."}, "logprobs": null, "finish_reason": "stop"}], "created": 1750810494, "service_tier": "default", "system_fingerprint": "fp_51e1070cf2"}, "raw_request_body": "{\"model\":\"gpt-4o\",\"messages\":[{\"role\":\"user\",\"content\":\"I''m planning a trip to Japan. I want to visit Tokyo, Kyoto, and Osaka. My budget is $5000 and I''ll be traveling in March 2025 for 2 weeks. I''m interested in sushi, temples, and bullet trains.\"},{\"role\":\"assistant\",\"content\":\"That sounds like an amazing trip to Japan! Tokyo, Kyoto, and Osaka are fantastic cities to visit. How can I help you plan your itinerary?\"},{\"role\":\"user\",\"content\":\"What cities am I planning to visit?\"},{\"role\":\"assistant\",\"content\":\"You''re planning to visit Tokyo, Kyoto, and Osaka.\"},{\"role\":\"user\",\"content\":\"What''s my budget and travel duration?\"},{\"role\":\"assistant\",\"content\":\"Your budget is $5000 and you''ll be traveling for 2 weeks.\"},{\"role\":\"user\",\"content\":\"When am I traveling and what am I interested in?\"},{\"role\":\"assistant\",\"content\":\"You''re traveling in March 2025 and you''re interested in sushi, temples, and bullet trains.\"}]}", "raw_response_body": "{\"id\":\"chatcmpl-Bm84s7lwILHPPg1BZA4PzrFUoqLd6\",\"choices\":[{\"finish_reason\":\"stop\",\"index\":0,\"message\":{\"role\":\"assistant\",\"content\":\"You''re traveling in March 2025 and you''re interested in sushi, temples, and bullet trains.\"},\"logprobs\":null}],\"created\":1750810494,\"model\":\"gpt-4o-2025-04-14\",\"object\":\"chat.completion\",\"system_fingerprint\":\"fp_51e1070cf2\",\"usage\":{\"completion_tokens\":9,\"prompt_tokens\":19,\"total_tokens\":28,\"completion_tokens_details\":{\"audio_tokens\":0,\"reasoning_tokens\":0},\"prompt_tokens_details\":{\"audio_tokens\":0,\"cached_tokens\":0}},\"service_tier\":\"default\"}"}',
    '[]',
    '{"is_golden": true, "ground_truth": {"role": "assistant", "content": "You''re traveling in March 2025 and you''re interested in sushi, temples, and bullet trains."}, "expected_task": "retain travel planning information", "knowledge_retention_test": true, "conversation_turns": 7, "key_facts": ["Japan", "Tokyo", "Kyoto", "Osaka", "$5000 budget", "March 2025", "2 weeks", "sushi", "temples", "bullet trains"]}',
    'MISS'::public.cache_status_enum,
    '5798f714-09a6-4c4a-9d74-563490b0e3bd',
    NULL,
    NULL,
    NULL,
    NULL,
    'user-123-abc',
    'John Doe',
    NULL
  ),
  (
    'd94aa048-d7c2-42ec-9358-354c5723fa3b'::uuid,
    'a31e0489-a80d-40fc-85c7-64eaeca5d0d0'::uuid,
    '69df6071-6dab-4986-bb16-780e2471ce5f'::uuid,
    'POST'::public.http_method,
    '/v1/chat/completions',
    'chat_complete',
    200,
    1750810493832,
    1750810494565,
    733,
    '{"agent_id": "a31e0489-a80d-40fc-85c7-64eaeca5d0d0"}',
    'openai',
    'gpt-4o',
    '{"method": "POST", "status": 200, "provider": "openai", "cache_mode": "simple", "request_url": "http://localhost:3001/v1/chat/completions", "cache_status": "MISS", "request_body": {"model": "gpt-4o", "messages": [{"role": "user", "content": "I have diabetes type 2 and I''m taking metformin 500mg twice daily. My blood sugar levels are usually around 140 mg/dL in the morning. I''m also allergic to penicillin and have high blood pressure."}, {"role": "assistant", "content": "I understand you have diabetes type 2 and are managing it with medication. How can I help you with your health questions?"}, {"role": "user", "content": "What medication am I taking and how often?"}, {"role": "assistant", "content": "You''re taking metformin 500mg twice daily."}, {"role": "user", "content": "What are my blood sugar levels?"}, {"role": "assistant", "content": "Your blood sugar levels are usually around 140 mg/dL in the morning."}, {"role": "user", "content": "What allergies do I have?"}, {"role": "assistant", "content": "You''re allergic to penicillin."}, {"role": "user", "content": "Do I have any other health conditions?"}, {"role": "assistant", "content": "You have high blood pressure."}]}, "function_name": "chat_complete", "response_body": {"id": "chatcmpl-Bm84s7lwILHPPg1BZA4PzrFUoqLd6", "model": "gpt-4o-2025-04-14", "usage": {"total_tokens": 28, "prompt_tokens": 19, "completion_tokens": 9, "prompt_tokens_details": {"audio_tokens": 0, "cached_tokens": 0}, "completion_tokens_details": {"audio_tokens": 0, "reasoning_tokens": 0}}, "object": "chat.completion", "choices": [{"index": 0, "message": {"role": "assistant", "content": "You have high blood pressure."}, "logprobs": null, "finish_reason": "stop"}], "created": 1750810494, "service_tier": "default", "system_fingerprint": "fp_51e1070cf2"}, "raw_request_body": "{\"model\":\"gpt-4o\",\"messages\":[{\"role\":\"user\",\"content\":\"I have diabetes type 2 and I''m taking metformin 500mg twice daily. My blood sugar levels are usually around 140 mg/dL in the morning. I''m also allergic to penicillin and have high blood pressure.\"},{\"role\":\"assistant\",\"content\":\"I understand you have diabetes type 2 and are managing it with medication. How can I help you with your health questions?\"},{\"role\":\"user\",\"content\":\"What medication am I taking and how often?\"},{\"role\":\"assistant\",\"content\":\"You''re taking metformin 500mg twice daily.\"},{\"role\":\"user\",\"content\":\"What are my blood sugar levels?\"},{\"role\":\"assistant\",\"content\":\"Your blood sugar levels are usually around 140 mg/dL in the morning.\"},{\"role\":\"user\",\"content\":\"What allergies do I have?\"},{\"role\":\"assistant\",\"content\":\"You''re allergic to penicillin.\"},{\"role\":\"user\",\"content\":\"Do I have any other health conditions?\"},{\"role\":\"assistant\",\"content\":\"You have high blood pressure.\"}]}", "raw_response_body": "{\"id\":\"chatcmpl-Bm84s7lwILHPPg1BZA4PzrFUoqLd6\",\"choices\":[{\"finish_reason\":\"stop\",\"index\":0,\"message\":{\"role\":\"assistant\",\"content\":\"You have high blood pressure.\"},\"logprobs\":null}],\"created\":1750810494,\"model\":\"gpt-4o-2025-04-14\",\"object\":\"chat.completion\",\"system_fingerprint\":\"fp_51e1070cf2\",\"usage\":{\"completion_tokens\":9,\"prompt_tokens\":19,\"total_tokens\":28,\"completion_tokens_details\":{\"audio_tokens\":0,\"reasoning_tokens\":0},\"prompt_tokens_details\":{\"audio_tokens\":0,\"cached_tokens\":0}},\"service_tier\":\"default\"}"}',
    '[]',
    '{"is_golden": true, "ground_truth": {"role": "assistant", "content": "You have high blood pressure."}, "expected_task": "retain medical information accurately", "knowledge_retention_test": true, "conversation_turns": 9, "key_facts": ["diabetes type 2", "metformin 500mg", "twice daily", "140 mg/dL", "penicillin allergy", "high blood pressure"]}',
    'MISS'::public.cache_status_enum,
    '5798f714-09a6-4c4a-9d74-563490b0e3bd',
    NULL,
    NULL,
    NULL,
    NULL,
    'user-123-abc',
    'John Doe',
    NULL
  );

INSERT INTO public.dataset_log_bridge (
    dataset_id,
    log_id,
    created_at
  )
VALUES (
    '015ed2a0-e263-4fe2-a5d8-054790c86163'::uuid,
    'adeb12ec-b033-4899-a5a5-1aface559e0a'::uuid,
    '2025-01-15 10:00:00.000'
  ),
  (
    '015ed2a0-e263-4fe2-a5d8-054790c86163'::uuid,
    '2c9ae9f1-aff7-44c3-b364-2b35f865549a'::uuid,
    '2025-01-15 10:05:00.000'
  ),
  (
    '015ed2a0-e263-4fe2-a5d8-054790c86163'::uuid,
    'f4731f82-7a65-481d-9ea5-eec244282c25'::uuid,
    '2025-01-15 10:10:00.000'
  ),
  (
    '015ed2a0-e263-4fe2-a5d8-054790c86163'::uuid,
    'd94aa048-d7c2-42ec-9358-354c5723fa3b'::uuid,
    '2025-01-15 10:15:00.000'
  );
  
INSERT INTO public.skill_configurations (
    id,
    agent_id,
    skill_id,
    "name",
    description,
    "data",
    created_at,
    updated_at
  )
VALUES (
		'01d4eff0-bc00-4581-a0de-b3c4d929487c'::uuid,
		'80b38e36-b42d-4cdd-b546-6ff83b667f64'::uuid,
		'1fabf9ac-7b3d-45cb-9d71-c65bd5573e9c'::uuid,
		'Main',
		NULL,
		'{"09c44f": {"hash": "09c44f", "params": {"seed": null, "stop": null, "model": "grok-4-mini", "top_p": null, "max_tokens": null, "ai_provider": "xai", "temperature": null, "system_prompt": "You are a coding assistant that talks like a {{ persona }}", "presence_penalty": null, "additional_params": null, "frequency_penalty": null}, "created_at": "2025-09-12T10:23:43.069Z"}, "f590b9": {"hash": "f590b9", "params": {"seed": null, "stop": null, "model": "grok-4-mini", "top_p": null, "max_tokens": null, "ai_provider": "xai", "temperature": null, "system_prompt": "You are a coding assistant that talks like a {{ persona }} .", "presence_penalty": null, "additional_params": null, "frequency_penalty": null}, "created_at": "2025-09-12T10:30:18.360Z"}, "current": {"hash": "09c44f", "params": {"seed": null, "stop": null, "model": "grok-4-mini", "top_p": null, "max_tokens": null, "ai_provider": "xai", "temperature": null, "system_prompt": "You are a coding assistant that talks like a {{ persona }}", "presence_penalty": null, "additional_params": null, "frequency_penalty": null}, "created_at": "2025-09-12T10:30:53.396Z"}}',
		'2025-09-12 03:23:43.069',
		'2025-09-12 03:30:53.418'
	);
